create database Doan_WebsiteTuyenDung
use Doan_WebsiteTuyenDung

create table Job_Seeker(
	JS_id varchar(30) primary key not null,
	JS_name nvarchar(30) not null,
	JS_email varchar(30) not null,
	JS_password varchar(30) not null,
	JS_phone varchar(11),
	JS_address nvarchar(100),
	JS_skills nvarchar(MAX),
	JS_expectedSalary money,
	JS_image nvarchar(MAX)
)

create table Employer(
	E_id varchar(30) primary key not null,
	E_name nvarchar(30) not null,
	E_email nvarchar(30) not null,
	E_password varchar(30) not null,
	E_contactPerson nvarchar(30),
	E_phone varchar(11),
	E_address nvarchar(100),
	E_about nvarchar(MAX),
	E_image nvarchar(MAX)
)


create table Job(
	J_id varchar(30) primary key not null,
	J_title nvarchar(100) not null,
	J_description nvarchar(MAX) not null,
	J_requiredSkills nvarchar(MAX) not null,
	J_salary money not null,
	J_postDate date default(GETDATE()) not null,
	J_expirationDate date not null,
	J_status int,
	J_Location nvarchar(100),
	J_Type nvarchar(10) not null,
	E_id varchar(30) not null CONSTRAINT FK_Job 
			FOREIGN KEY (E_id) REFERENCES Employer(E_id)
)

create table Application(
	A_id varchar(30) primary key not null,
	A_appliedDate date default(GETDATE()) not null,
	A_status int not null,
	A_feedBack nvarchar(100),
	J_id varchar(30) not null CONSTRAINT FK_App 
			FOREIGN KEY (J_id) REFERENCES Job(J_id)
)

create table Resume(
	R_id varchar(30) primary key not null,
	R_name nvarchar(30) not null,
	R_updateDate date default(GETDATE()) not null,
	R_content nvarchar(MAX) not null,
	R_fileName nvarchar(255) NOT NULL,
    R_filePath nvarchar(255) NOT NULL,
	JS_id varchar(30) not null 
	CONSTRAINT FK_Resume 
			FOREIGN KEY (JS_id) REFERENCES Job_Seeker(JS_id)
)

create table Intermediate_table(
	R_id varchar(30) not null,
	A_id varchar(30) not null,
	primary key(R_id,A_id),
	CONSTRAINT FK_Intermediate 
			FOREIGN KEY (R_id) REFERENCES Resume(R_id),
	CONSTRAINT FK_Intermediate1 
			FOREIGN KEY (A_id) REFERENCES Application(A_id),
)

INSERT [dbo].[Employer] ([E_id], [E_name], [E_email], [E_password], [E_contactPerson], [E_phone], [E_address], [E_about], [E_image]) VALUES (N'e01', N'AHT Tech', N'trandai1116@gmail.com', N'123', NULL, N'0886601884', N'Hà Nội', N'<p>AHT Tech hiện là một trong những công ty công nghệ tiên phong cung cấp các giải pháp công nghệ trong lĩnh vực Du lịch cho khách sạn ở Việt Nam và khu vực Đông Nam Á, là đối tác của nhiều Tập đoàn lớn như Vingroup, FLC, Sungroup, TNG Group, TTC ... Quy mô công ty trên 70 người, với Trụ sở chính ở Singapore, Văn phòng chính ở Hà Nội và 5 chi nhánh trên cả nước. Mức tăng trưởng trung bình 300%/năm liên tục trong vòng 5 năm, AHT Tech luôn là đơn vị mang lại các giải pháp quản trị tối ưu cho lĩnh vực Du lịch ở Việt Nam và Đông Nam Á. Với mục tiêu trở thành "Công ty công nghệ số 1 trong lĩnh vực Travel Tech không chỉ ở khu vực Đông Nam Á mà cả trên thế giới", chúng tôi luôn tìm kiếm và chào đón những nhân sự tài năng luôn cố gắng vươn đến những tầm cao mới, không ngại thay đổi và luôn luôn sẵn sàng đương đầu với thử thách.</p>', N'https://cdn.topcv.vn/80/company_logos/cong-ty-co-phan-aht-tech-63c4f49e02261.jpg')
INSERT [dbo].[Employer] ([E_id], [E_name], [E_email], [E_password], [E_contactPerson], [E_phone], [E_address], [E_about], [E_image]) VALUES (N'e02', N'Unica', N'khanhnguyen@gmail.com', N'123', NULL, N'05741232341', N'Hồ Chí Minh', N'<p>Công ty cổ phần đào tạo trực tuyến UNICA là thành viên của iNET Corporation với sứ mệnh và mục tiêu chia sẻ kiến thức thực tiễn và kinh nghiệm thực tế tới 10 triệu người dân Việt Nam.&nbsp;</p><p>Chúng tôi cung cấp hệ thống đào tạo trực tuyến giúp Học Viên được kết nối với Chuyên gia mọi lúc mọi nơi thông qua nền tảng Unica.vn; các doanh nghiệp triển khai đào tạo nội bộ nhanh chóng với nền tảng Acabiz.vn và giải pháp dạy học trực tuyến với nền tảng Edubit.vn.&nbsp;</p><p>Thành lập từ năm 2017, trải qua 06 năm hoạt động, Unica đã và đang nhận được sự quan tâm của rất nhiều bạn trẻ cũng như các doanh nghiệp và đối tác với hơn 1000 giảng viên, hơn 2000 khóa học &amp; hơn 500.000 học viên.&nbsp;</p><p>Tại Unica, chúng tôi luôn chào đón những nhân tố tài năng và tâm huyết với sứ mệnh "nâng cao giá trị tri thức, phục vụ hàng triệu người Việt Nam"&nbsp;</p>', N'https://cdn-new.topcv.vn/unsafe/135x/filters:format(webp)/https://static.topcv.vn/company_logos/cong-ty-co-phan-dao-tao-truc-tuyen-unica-592566f2a73be_rs.jpg')
INSERT [dbo].[Employer] ([E_id], [E_name], [E_email], [E_password], [E_contactPerson], [E_phone], [E_address], [E_about], [E_image]) VALUES (N'e03', N'Công nghệ và Sáng tạo Rocket', N'rocket@gmail.com', N'123', NULL, N'0886601884', N'Cà Mau', N'<p>Là một start-up trong lĩnh vực IT, nghiên cứu và phát triển các công nghệ mới như AR, VR, MR có khả năng phát triển mạnh mẽ trong 2-10 năm tới.</p><p>Với sứ mệnh: Live tech for life. Chúng tôi mong muốn áp dụng những công nghệ mới nhất để nó hữu ích cho cuộc sống.</p><p>Các lĩnh vực chúng tôi đang triển khai cho khách đều là áp dụng công nghệ vào giáo dục, nghiên cứu y học và đào tạo training nghiệp vụ cho các công ty công nghiệp số một Nhật về cơ khí, oto.</p><p>Thế mạnh của công ty nằm ở kỹ thuật nên vào đây bạn được phát triển và trao cơ hội nhiều.</p><p>Đội ngũ nhân viên Rocket đều là những nhân sự có trình độ chuyên môn cao, luôn làm việc với tất cả sự nhiệt huyết và sức sáng tạo của tuổi trẻ đã xây dựng nên 1 văn hoá vô cùng trẻ trung và năng động. Đến với Rocket, bạn sẽ được trải nghiệm môi trường tuyệt vời, với chế độ đãi ngộ xứng đáng và đạt được thành công vượt mong đợi!</p>', N'https://cdn-new.topcv.vn/unsafe/80x/filters:format(webp)/https://static.topcv.vn/company_logos/u1hG8YQHzODPwxTJy2TDBf09NqeploCl_1664952814____119b3fe3501c7fad2e3736c4669e4057.jpg')
INSERT [dbo].[Employer] ([E_id], [E_name], [E_email], [E_password], [E_contactPerson], [E_phone], [E_address], [E_about], [E_image]) VALUES (N'e04', N'24H MEDIA VIỆT NAM', N'media@gmail.com', N'123', NULL, N'0886601884', N'Hà Nội', N'<p>24hMedia là đơn vị cung cấp cung cấp dịch vụ Digital Marketing, với mục đích nâng cao nhận diện thương hiệu và thúc đẩy hiệu quả kinh doanh sản phẩm, dịch vụ của các nhãn hàng.</p><p>GIÁ TRỊ CỐT LỖI CỦA 24H MEDIA</p><p>Chuyên nghiệp: Vững chuyên môn, hiểu rõ nhiệm vụ, nắm chắc các yêu cầu của khách hàng và luôn có thái độ tích cực, nhiệt tình, thân thiện.</p><p>Uy tín: Lấy chữ tín làm trọng, luôn tâm niệm mọi dịch vụ đều phải đem lại giá trị cho khách hàng.</p><p>Bảo mật an toàn: 24h Media bảo vệ và duy trì tính bảo mật của tất cả các thông tin mà khách hàng đã cung cấp.</p><p>Cập nhật thường xuyên: Cung cấp các giải pháp phù hợp nhất, bắt kịp xu thế Digital Marketing toàn cầu, đem lại lợi ích cao nhất cho khách hàng.</p><p>Sáng tạo: Luôn tìm tòi, nâng cao năng lực bản thân.</p><p>Khuyến mãi: 24h Media cung cấp các chính sách khuyến mãi và chăm sóc khách hàng một cách đặc biệt.</p><p>PHƯƠNG CHÂM CỦA 24H MEDIA</p><p>Với đội ngũ gần 30 nhân sự chuyên nghiệp, có tối thiểu 3 năm kinh nghiệm về Digital Maketing từ các công ty Agency top thị trường trong nước và cả nước ngoài, 24h Media đã và đang khẳng định được vị trí của mình là một trong những công ty Digital Marketing uy tín hàng đầu Việt Nam khi chính là người đứng sau các kế hoạch mang lại sự thành công của hơn 1500 dự án Online cho gần 1000 đối tác trong và ngoài nước thuộc nhiều nhiều ngành nghề khác nhau. Luôn lắng nghe và thấu hiểu những gì khách hàng cần bởi “Thành công của khách hàng là thước đo thành đo thành công của chính mình”. Đó là phương châm làm việc của 24h Media trong suốt thời gian từ khi thành lập đến nay.</p><p>DỊCH VỤ CỦA 24H MEDIA</p><p>Hơn ai hết, 24h Media hiểu rằng, mọi hoạt động Digital Maketing cần được kết hợp để tạo ra một sức mạnh truyền thông tổng thể và đảm bảo giá trị tuyệt vời mà bạn sẽ nhận được từ sự đầu tư. Chính bởi vậy mà 24h Media mang đến các giải pháp tối ưu cho chiến lược Maketing Digital để tạo ra những giá trị có thể đo đếm được và chắc chắn chính bạn cũng sẽ phải thốt lên ngạc nhiên với những gì mà mình đạt được so với chi phí bỏ ra đầu tư.</p>', N'https://cdn-new.topcv.vn/unsafe/80x/filters:format(webp)/https://static.topcv.vn/company_logos/cong-ty-tnhh-24h-media-viet-nam-624696e062452.jpg')
INSERT [dbo].[Employer] ([E_id], [E_name], [E_email], [E_password], [E_contactPerson], [E_phone], [E_address], [E_about], [E_image]) VALUES (N'e05', N'PHẦN MỀM FPT', N'fpt@gmail.com', N'123', NULL, N'0574512221', N'Hồ Chí Minh', N'<p>• Vietnam’s largest and one of the fastest growing software companies.</p><p>• Over 15,000 software outsourcing projects in the last 20 years.</p><p>• A broad presence in diverse global markets.</p><p>• Specialist in shaping world-class networks of global delivery centers</p>', N'https://cdn-new.topcv.vn/unsafe/80x/filters:format(webp)/https://static.topcv.vn/company_logos/cong-ty-tnhh-phan-mem-fpt-5e006f1d44fed.jpg')
GO
INSERT [dbo].[Job_Seeker] ([JS_id], [JS_name], [JS_email], [JS_password], [JS_phone], [JS_address], [JS_skills], [JS_expectedSalary], [JS_image]) VALUES (N'js01', N'Trần Công Đại', N'datc2209@gmail.com', N'123', N'0906962451', N'Bắc Ninh', N'<ul><li>Jira</li><li>Advanced Microsoft Excel</li><li>HTML / C++/ Java / C# / PHP</li><li>Testing</li><li>Có thể đọc hiểu tiếng anh</li><li>Tự học</li><li>Phát triển tư duy sáng tạo</li><li>Đức tính kiên nhẫn</li><li>Xử lý sự cố linh hoạt</li><li>Kỹ năng làm việc nhóm</li><li>Phân tích dữ liệu nhạy bén</li><li>Kỹ năng giao tiếp tốt</li></ul><p><br></p>', NULL, N'https://scontent.fsgn13-3.fna.fbcdn.net/v/t39.30808-1/300185225_762103785096398_5280876949720611450_n.jpg?stp=cp0_dst-jpg_p48x48&_nc_cat=108&ccb=1-7&_nc_sid=f67be1&_nc_ohc=XV-gAXXj8-gAX_6uovu&_nc_ht=scontent.fsgn13-3.fna&oh=00_AfALNOJwvP5pRYWA4L1y54sLgE3iEKup87DA6xCpu8zf0g&oe=6478D3BC')
INSERT [dbo].[Job_Seeker] ([JS_id], [JS_name], [JS_email], [JS_password], [JS_phone], [JS_address], [JS_skills], [JS_expectedSalary], [JS_image]) VALUES (N'js02', N'Khánh', N'khanhnd@gmail.com', N'123', N'0903088472', N'Hà Nội', N'<ul><li>Advanced Microsoft Excel</li><li>HTML / C++/ Java / C# / PHP</li><li>Testing</li><li>Có thể đọc hiểu tiếng anh</li></ul>', NULL, N'https://scontent.fsgn13-2.fna.fbcdn.net/v/t39.30808-1/346491738_1244618276159618_4744004852168006394_n.jpg?stp=cp0_dst-jpg_p48x48&_nc_cat=109&ccb=1-7&_nc_sid=7206a8&_nc_ohc=RZ7gTqXbyD8AX95ILn7&_nc_ht=scontent.fsgn13-2.fna&oh=00_AfDX1FgCgO6vw9Ix7ex_43BzB5AVeTDmFyHF-LO3LfHj9g&oe=64785049')
INSERT [dbo].[Job_Seeker] ([JS_id], [JS_name], [JS_email], [JS_password], [JS_phone], [JS_address], [JS_skills], [JS_expectedSalary], [JS_image]) VALUES (N'js03', N'Phú', N'phutrn@gmail.com', N'123', N'0574512201', N'Nam Định', N'<ul><li><strong>Kỹ năng</strong>&nbsp;đánh máy.</li><li><strong>Kỹ năng</strong>&nbsp;tư duy sáng tạo.</li><li>Làm việc nhóm.</li><li>Ngoại ngữ.</li><li>Phân tích dữ liệu nhạy bén</li><li>Xử lý sự cố linh hoạt</li></ul>', NULL, N'https://scontent.fsgn13-2.fna.fbcdn.net/v/t39.30808-1/298823453_3099111513734295_2476082783241217494_n.jpg?stp=cp0_dst-jpg_p48x48&_nc_cat=109&ccb=1-7&_nc_sid=7206a8&_nc_ohc=Cv8-UZSDqhgAX-TLOp_&_nc_ht=scontent.fsgn13-2.fna&oh=00_AfDogEzgFcWMy1kCWgNglqKHtfvsiKhweuidAZbZGyNM4Q&oe=64787A6B')
INSERT [dbo].[Job_Seeker] ([JS_id], [JS_name], [JS_email], [JS_password], [JS_phone], [JS_address], [JS_skills], [JS_expectedSalary], [JS_image]) VALUES (N'js04', N'Nguyễn Khánh', N'nguyenkhanh@gmail.com', N'123', N'0574512221', N'Cà Mau', N'<ul><li>Kỹ năng đánh máy</li><li>Kỹ năng tư duy sáng tạo</li><li>Làm việc nhóm</li><li>Ngoại ngữ.</li><li>Phân tích dữ liệu nhạy bén</li><li>Xử lý sự cố linh hoạt</li></ul>', NULL, N'https://scontent.fsgn4-1.fna.fbcdn.net/v/t39.30808-1/349308625_1302623110676898_3670639035142711497_n.jpg?stp=cp0_dst-jpg_p48x48&_nc_cat=101&ccb=1-7&_nc_sid=7206a8&_nc_ohc=TAzkyaGdLnsAX-oOO0w&_nc_ht=scontent.fsgn4-1.fna&oh=00_AfD0ynLyFeahqtExgaNmZNYi3mudHY6zouicv5G4VTTwGQ&oe=6479AC45')
INSERT [dbo].[Job_Seeker] ([JS_id], [JS_name], [JS_email], [JS_password], [JS_phone], [JS_address], [JS_skills], [JS_expectedSalary], [JS_image]) VALUES (N'js05', N'Phú Trần', N'trnphu@gmail.com', N'123', N'0574987201', N'Bắc Giang', N'<ul><li>Tự học</li><li>Phát triển tư duy sáng tạo</li><li>Đức tính kiên nhẫn</li><li>Xử lý sự cố linh hoạt</li><li>Kỹ năng làm việc nhóm</li><li>Phân tích dữ liệu nhạy bén</li><li>Kỹ năng giao tiếp tốt</li></ul><p><br></p>', NULL, N'https://scontent.fsgn13-2.fna.fbcdn.net/v/t39.30808-1/313405466_1569018870204192_7072632487316055623_n.jpg?stp=cp0_dst-jpg_p48x48&_nc_cat=106&ccb=1-7&_nc_sid=7206a8&_nc_ohc=NpdMapa-yvUAX_aB6-f&_nc_ht=scontent.fsgn13-2.fna&oh=00_AfC4owABnbJviU7Y84tXGK4PMlG38RMvwKqkzU-rPBRFOQ&oe=647A3A62')
GO
INSERT [dbo].[Job] ([J_id], [J_title], [J_description], [J_requiredSkills], [J_salary], [J_postDate], [J_expirationDate], [J_status], [J_Location], [J_Type], [E_id]) VALUES (N'job01', N'Lập Trình PHP', N'<p><span style="color: rgb(33, 47, 63);">GEEK INTERNSHIP là chương trình thực tập full-time dành cho những bạn trẻ sắp/mới tốt nghiệp hoặc dưới 1 năm kinh nghiệm trong lĩnh vực lập trình. Trong vòng 60 ngày thực tập, bạn sẽ được trải nghiệm chương trình đào bài bản được thiết kế riêng bởi các chuyên gia eCommerce, được thực chiến các dự án quốc tế lớn với quy trình quản lý chuyên nghiệp. Kết thúc thời gian thực tập, cơ hội nghề nghiệp rộng mở khi có đến 3 bộ phận chào đón bạn gia nhập team.</span></p><ul><li>Tham gia khóa full-time của công ty trong thời gian 2 tháng.</li><li>Được đào tạo chuyên sâu về: Web basics, Kỹ thuật lập trình, PHP, Javascript,&nbsp;eCommerce, Magento, GIT, Quy trình quản lý và phát triển phần mềm...</li><li>Được On-job-training tại BSS Commerce Service - team chuyên cung cấp đa dạng các giải pháp và dịch vụ phát triển hệ thống eCommerce, website đa nền tảng, website Magento, PWA, Headless, ERP integration, CRM integration, mobile app</li></ul><p><br></p>', N'<ul><li>Là sinh viên năm cuối hoặc vừa tốt nghiệp không quá 1 năm, có thể tham gia thực tập full-time từ thứ 2 đến thứ 6.</li><li>Nắm chắc các kiến thức cơ bản liên quan tới: cấu trúc dữ liệu giải thuật, cơ sở dữ liệu, kỹ thuật lập trình.</li><li>Nắm chắc kiến thức về lập trình hướng đối tượng</li><li>Có khả năng sử dụng một ngôn ngữ bất kỳ: PHP, ReactJS, NodeJS, JAVA, C/C++,...</li><li>Cẩn thận và tỉ mỉ, sẵn sàng học hỏi các công nghệ mới, cởi mở trong giao tiếp</li><li>Tiếng anh cơ bản, có thể đọc hiểu và làm bài tập sử dụng tiếng Anh</li><li>Sẵn sàng học hỏi thêm công nghệ mới theo sự phân công quản lý.</li><li><em style="color: unset;">Ưu tiên:</em></li><li>Sinh viên các trường Bách Khoa HN, Đại học Công Nghệ, FPT, PTIT: chuyên ngành Công nghệ phần mềm, khoa học máy tính, CNTT, Hệ thống thông tin, Kỹ thuật máy tính.</li><li>Có các giải thưởng nghiên cứu khoa học trong trường hoặc tham gia các cuộc thi lập trình.</li><li><span style="color: unset;">Ưu tiên ứng viên ở Hà Nội&nbsp;</span></li></ul>', 25000000.0000, CAST(N'2023-05-29' AS Date), CAST(N'2023-06-18' AS Date), 1, N'Hà Nội', N'F', N'e01')
INSERT [dbo].[Job] ([J_id], [J_title], [J_description], [J_requiredSkills], [J_salary], [J_postDate], [J_expirationDate], [J_status], [J_Location], [J_Type], [E_id]) VALUES (N'job02', N'Fullstack Web Developer (Javasrcript, PHP)', N'<p><span style="color: rgb(33, 47, 63);">- Xây dựng website, dms của công ty.</span></p><p><span style="color: rgb(33, 47, 63);">- Nâng cấp, phát triển chức năng các website, dms sẵn có.</span></p><p><span style="color: rgb(33, 47, 63);">- Chủ động thảo luận, họp với các member khác trong team phát triển để giải quyết vấn đề phát sinh.</span></p><p><span style="color: rgb(33, 47, 63);">- Tìm hiểu, ứng dụng các công nghệ mới.</span></p><p><span style="color: rgb(33, 47, 63);">- Tham gia xây dựng, đóng góp nhằm cải thiện và tối ưu trải nghiệm người dùng.</span></p><p><span style="color: rgb(33, 47, 63);">- Các công việc khác thuộc chuyên môn theo sự phân công của cấp trên.</span></p>', N'<p><span style="color: rgb(33, 47, 63);">- Học vấn: Tốt nghiệp Cao đẳng/Đại học các ngành về Công nghệ thông tin hoặc các ngành liên quan khác.</span></p><p><span style="color: rgb(33, 47, 63);">- Kinh nghiệm: Từ 1 - 2 năm ở các vị trí tương đương.</span></p><p><span style="color: rgb(33, 47, 63);">- Nắm vững kiến thức về Html, Css, Scss, Boostrap, Javascript, Jquery, Restfull API.</span></p><p>- Có<span style="color: rgb(33, 47, 63);"> kinh nghiệm làm việc với React Js, Vue Js, PHP Laravel.</span></p><p>- H<span style="color: rgb(33, 47, 63);">iểu biết về sử dụng Git.</span></p><p>- <span style="color: rgb(33, 47, 63);">Giao tiếp tốt, làm việc độc lập/nhóm, tự học và nghiên cứu,...</span></p><p>-<span style="color: rgb(33, 47, 63);"> Thái độ, tinh thần, tư duy: Cầu tiến, chủ động, tuân thủ quy định, trung thực, thẳng thắn, biết lắng nghe, có tinh thần trách nhiệm cao, luôn hướng đến giải pháp,...</span></p><p><span style="color: rgb(33, 47, 63);">- Ngôn ngữ: Tiếng Anh khá trở lên, có khả năng đọc hiểu các tài liệu tiếng anh chuyên ngành, ứng viên biết tiếng Trung là một lợi thế.</span></p>', 30000000.0000, CAST(N'2023-05-29' AS Date), CAST(N'2023-06-13' AS Date), 1, N'Hà Nội', N'F', N'e01')
INSERT [dbo].[Job] ([J_id], [J_title], [J_description], [J_requiredSkills], [J_salary], [J_postDate], [J_expirationDate], [J_status], [J_Location], [J_Type], [E_id]) VALUES (N'job03', N'Backend Developer (PHP Hoặc Nodejs)', N'<ul><li>Tham gia vào việc thiết kế và phát triển hệ thống backend sử dụng ngôn ngữ lập trình PHP hoặc Notejs</li><li>Xác định lỗi và các vấn đề khác còn tồn tại của hệ thống backend, đề xuất giải pháp và tham gia vào quá trình khắc phục lỗi</li><li>Tích hợp hệ thống backend với các hệ thống khác (Frontend)</li><li>Báo cáo công việc trực tiếp cho TBP</li></ul><p><br></p>', N'<ul><li>Ưu tiên tốt nghiệp đại học/ cao đẳng</li><li>Có kiến thức, kỹ năng nền tảng tốt về lập trình hướng đối tượng và SQL</li><li>Thành thạo kỹ năng code javascript, html, css...</li><li>Có kinh nghiệm tối thiểu 2 năm lập trình Web sử dụng ngôn ngữ lập trình PHP hoặc Notejs</li></ul>', 25000000.0000, CAST(N'2023-05-29' AS Date), CAST(N'2023-06-11' AS Date), 1, N'Hồ Chí Minh', N'F', N'e02')
INSERT [dbo].[Job] ([J_id], [J_title], [J_description], [J_requiredSkills], [J_salary], [J_postDate], [J_expirationDate], [J_status], [J_Location], [J_Type], [E_id]) VALUES (N'job04', N'UI/UX Designer - Thành Thạo Cắt Html ', N'<ul><li>Tham gia trực tiếp vào quá trình phát triển sản phẩm, thiết kế cho App, Website và các sản phẩm khác&nbsp;</li><li>Thiết kế ấn phẩm nội bộ, phục vụ Marketing cho công ty như standee, banner,...</li><li>Một số công việc khác nếu có được giao từ Quản lý</li><li>(Quy trình phỏng vấn: 01 vòng, hình thức online)</li></ul>', N'<ul><li>Có ít nhất 2 năm Kinh nghiệm ở vị trí thiết kế trong đó thành thạo cắt HTML trang web</li><li>Có khiếu thẩm mỹ, khả năng nắm bắt yêu cầu cụ thể của sản phẩm và đưa ra giải pháp thiết kế phù hợp</li><li>Thân thiện &amp; hòa đồng</li><li>Không yêu cầu laptop - công ty cung cấp 100% công cụ làm việc</li></ul>', 16000000.0000, CAST(N'2023-05-29' AS Date), CAST(N'2023-06-06' AS Date), 1, N'Hồ Chí Minh', N'P', N'e02')
INSERT [dbo].[Job] ([J_id], [J_title], [J_description], [J_requiredSkills], [J_salary], [J_postDate], [J_expirationDate], [J_status], [J_Location], [J_Type], [E_id]) VALUES (N'job05', N'Thực Tập Sinh Unity Developer', N'<ul><li>Viết code theo yêu cầu</li><li>Thực hiện các công việc hỗ trợ team theo yêu cầu quản lý</li><li>Được tham gia trực tiếp vào dự án game global của công ty</li><li>Được đào tạo các kiến thức về Unity</li></ul>', N'<ul><li>Sinh viên năm 3, 4 các trường Đại học có thể làm tối thiểu 5 buổi/tuần hoặc sinh viên mới ra trường</li><li>Yêu thích game</li><li>Tư duy logic và có kiến thức cơ bản về lập trình hướng đối tương, cấu trúc dữ liệu và giải thuật</li><li>Năng động, nhiệt huyết sáng tạo phát triển game</li><li>Có tinh thần tự giác, cầu tiến, ham học hỏi</li><li>Ưu tiên các bạn có kiến thức về Unity, Html 5, Cocos Creator</li></ul>', 6000000.0000, CAST(N'2023-05-29' AS Date), CAST(N'2023-06-03' AS Date), 1, N'Cà Mau', N'P', N'e03')
INSERT [dbo].[Job] ([J_id], [J_title], [J_description], [J_requiredSkills], [J_salary], [J_postDate], [J_expirationDate], [J_status], [J_Location], [J_Type], [E_id]) VALUES (N'job06', N'Lập Trình Viên Unity ( Unity Developer - All Level)', N'<ul><li>Phát triển Mobile Game trên nền tảng Unity.</li><li>Phối hợp với các thành viên trong team để hoàn thiện và tối ưu game: Animation, UI/UX, Effect...</li><li>Tham gia maintain các game đang được phát hành hoặc prototype các ý tưởng game mới.</li></ul>', N'<ul><li>Yêu thích làm game</li><li>Có ít nhất 1 năm kinh nghiệm trong phát triển trò chơi</li><li>Có khả năng làm việc với mọi khía cạnh trong phát triển ứng dụng bao gồm UI, animation…</li><li>Có tư duy logic tốt, chủ động trong công việc, có tinh thần trách nhiệm cao</li><li>Tốt nghiệp Cử nhân Khoa học máy tính hoặc liên quan</li><li>Kiến thức vững chắc về công cụ Unity3D và phát triển C</li><li>Giỏi môn Toán và Thuật toán</li><li>Hiểu biết tốt về OOP và design patterns</li><li>Có tư duy logic tốt, chủ động trong công việc, có tinh thần trách nhiệm cao</li></ul>', 45000000.0000, CAST(N'2023-05-29' AS Date), CAST(N'2023-06-28' AS Date), 1, N'Cà Mau', N'F', N'e03')
INSERT [dbo].[Job] ([J_id], [J_title], [J_description], [J_requiredSkills], [J_salary], [J_postDate], [J_expirationDate], [J_status], [J_Location], [J_Type], [E_id]) VALUES (N'job07', N'Full Stack Developer (Hà Nội)', N'<p>• Phụ trách cả Front-end lȁn Back-end của sản phẩm</p><p>• Phát triển kiến trúc trang web giao diện người dùng.</p><p>• Thiết kế các tương tác của người dùng trên các trang web.</p><p>• Phát triển các ứng dụng trang web back-end</p><p>• Tạo máy chủ và cơ sở dữ liệu cho chức năng.</p><p>• Đảm bảo tối ưu hóa đa nền tảng cho điện thoại di động.</p><p>• Đảm bảo khả năng đáp ứng của các ứng dụng.</p><p>• Tối ưu hệ thống để có thể xử lý được lưu lượng dữ liệu lớn.</p><p>• Làm việc cùng với các nhà thiết kế đồ họa cho các tính năng thiết kế web.</p><p>• Thiết kế và phát triển API.</p><p>• Deploy code lên server test, production hàng ngày.</p><p>• Thời gian làm việc: Từ thứ Hai đến thứ Bảy: 9h – 17h30 riêng thứ Bảy 9h – 15h30;</p>', N'<p>• Hơn 1 năm kinh nghiệm phát triển, tốt nghiệp Đại học/ Cao đẳng</p><p>• Thành thạo với các ngôn ngữ giao diện người dùng cơ bản như HTML, CSS và JavaScript</p><p>• Quen thuộc với một trong các khung JavaScript như Angular JS, React và Amber</p><p>• Thành thạo với các ngôn ngữ phía máy chủ như PHP hoặc Nodejs</p><p>• Quen thuộc với công nghệ cơ sở dữ liệu như MySQL, Oracle và MongoDB</p><p>• Kỹ năng giao tiếp bằng lời tốt</p><p>• Chủ động trong công việc và giải quyết vấn đề</p><p><em style="color: unset;">Lợi thế hơn khi :</em></p><p>• Có kinh nghiệm xây dựng các ứng dụng web quy mô lớn</p><p>• Có thể xây dựng và quản lý web server Nginx</p><p>• Ưu tiên biết tiếng Anh; có khả năng làm việc độc lập và làm việc theo nhóm, làm việc ở cường độ cao và chịu áp lực tốt; có tư duy logic, tự học hỏi công nghệ mới nhanh; chủ động và sáng tạo trong công việc</p>', 12000000.0000, CAST(N'2023-05-29' AS Date), CAST(N'2023-06-05' AS Date), 1, N'Hà Nội', N'F', N'e04')
INSERT [dbo].[Job] ([J_id], [J_title], [J_description], [J_requiredSkills], [J_salary], [J_postDate], [J_expirationDate], [J_status], [J_Location], [J_Type], [E_id]) VALUES (N'job08', N'Senior Fullstack Developer ', N'<ul><li>Thiết kế kiến trúc và xây dựng hệ thống client-side và server-side</li><li>Xây dựng giao diện người dùng của các ứng dụng web based</li><li>Thiết kế và xây dựng cơ sở dữ liệu dùng trong các hệ thống ứng dụng</li><li>Kiểm tra phần mềm để đảm bảo yêu cầu và hoạt động hiệu quả</li><li>Khắc phục sự cố, gỡ lỗi và nâng cấp phần mềm</li><li>Xây dựng các tính năng và ứng dụng thiết kế mobile responsive</li></ul>', N'<ul><li>Có &gt; 2 năm kinh nghiệm với vai trò Fullstack Developer hoặc tương tự hoặc có kinh nghiệm lập trình với NodeJS(Express)</li><li>Có &gt; 2 năm kinh nghiệm với ít nhất một trong các frameworks Javascript (Reactjs, NextJS, Vuejs, NuxtJS)</li><li>Đã làm việc với các hệ quản trị cơ sở dữ liệu (MySQL, MongoDB)</li><li>Có kinh nghiệm làm việc với Web server, hệ điều hành Ubuntu</li><li>Có kiến thức sâu về OOP và Design Patterns, MVC, RESTful APIs</li><li>Có kinh nghiệm về Devops hoặc AWS hoặc Azure, Docker, Git</li><li>Đọc hiểu tài liệu tiếng Anh</li></ul>', 20000000.0000, CAST(N'2023-05-29' AS Date), CAST(N'2023-06-10' AS Date), 0, N'Hà Nội', N'F', N'e04')
INSERT [dbo].[Job] ([J_id], [J_title], [J_description], [J_requiredSkills], [J_salary], [J_postDate], [J_expirationDate], [J_status], [J_Location], [J_Type], [E_id]) VALUES (N'job09', N'Front-End Developer ( Vuejs )', N'<p><span style="color: rgb(33, 47, 63);">- Phát triển các ứng dụng giao diện người dùng dựa trên Vue.js.</span></p><p><span style="color: rgb(33, 47, 63);">- Cải thiện và bảo trì mã nguồn hiện có của ứng dụng.</span></p><p><span style="color: rgb(33, 47, 63);">- Thực hiện tối ưu hóa hiệu suất ứng dụng và đảm bảo tính ổn định của mã nguồn.</span></p><p><span style="color: rgb(33, 47, 63);">- Hợp tác chặt chẽ với Designer và Dev Backend để tích hợp API và xây dựng ứng dụng đa nền tảng.</span></p><p><span style="color: rgb(33, 47, 63);">- Xem xét và áp dụng các công nghệ mới để cải thiện chất lượng sản phẩm.</span></p><p><span style="color: rgb(33, 47, 63);">- Tham gia vào quá trình testing, xác định và khắc phục lỗi.</span></p><p><span style="color: rgb(33, 47, 63);">- Tìm hiểu, đề xuất các chức năng cần thiết cho việc quản trị các cấp quản lý và phục vụ công việc một</span></p><p><span style="color: rgb(33, 47, 63);">cách tốt nhất.</span></p><p><span style="color: rgb(33, 47, 63);">- Thực hiện các công việc được phân công từ cấp trên.</span></p>', N'<p><span style="color: rgb(33, 47, 63);">- Có ít nhất 2 năm kinh nghiệm làm việc với Vue.js và các công nghệ liên quan (Vuex, Vue Router, Nuxt.js).</span></p><p><span style="color: rgb(33, 47, 63);">- Kỹ năng lập trình chuyên sâu với HTML, CSS và JavaScript (ES6+).</span></p><p><span style="color: rgb(33, 47, 63);">- Kinh nghiệm làm việc với các công cụ như Webpack, Babel và ESLint.</span></p><p><span style="color: rgb(33, 47, 63);">- Hiểu biết về các nguyên tắc thiết kế giao diện người dùng và trải nghiệm người dùng (UI/UX).</span></p><p><span style="color: rgb(33, 47, 63);">- Có khả năng làm việc với các RESTful API và kinh nghiệm tích hợp API vào ứng dụng.</span></p><p><span style="color: rgb(33, 47, 63);">- Tinh thần làm việc nhóm tốt, khả năng giao tiếp và giải quyết vấn đề hiệu quả.</span></p>', 20000000.0000, CAST(N'2023-05-29' AS Date), CAST(N'2023-06-22' AS Date), 1, N'Hồ Chí Minh', N'F', N'e05')
INSERT [dbo].[Job] ([J_id], [J_title], [J_description], [J_requiredSkills], [J_salary], [J_postDate], [J_expirationDate], [J_status], [J_Location], [J_Type], [E_id]) VALUES (N'job10', N'Trưởng Nhóm Frontend Developer (Reactjs) ', N'<p><span style="color: rgb(33, 47, 63);">1. Thiết kế, phát triển hệ thống website nghiệp vụ:</span></p><p><span style="color: rgb(33, 47, 63);">- Phối hợp với BA trong quá trình lấy yêu cầu/phản hồi của khách hàng</span></p><p><span style="color: rgb(33, 47, 63);">- Đưa ra giải pháp và thực hiện giải pháp làm mới/sửa đổi giao diện website</span></p><p><span style="color: rgb(33, 47, 63);">- Chuyển đổi từ thiết kế giao diện (Figma) sang website bằng ReactJS</span></p><p><span style="color: rgb(33, 47, 63);">- Làm việc với Backend để tích hợp API, đảm bảo tối ưu hóa chức năng và sửa lỗi trong quá trình phát triển.</span></p><p><span style="color: rgb(33, 47, 63);">2. Hỗ trợ việc triển khai ứng dụng</span></p><p><span style="color: rgb(33, 47, 63);">- Hỗ trợ phần FE trong quá trình triển khai ứng dụng</span></p><p><span style="color: rgb(33, 47, 63);">- Tham gia vào quá trình đào tạo, hướng dẫn sử dụng</span></p><p><span style="color: rgb(33, 47, 63);">3. Xử lý các lỗi, sự cố phát sinh của hệ thống khi vận hành</span></p><p><span style="color: rgb(33, 47, 63);">- Sửa các lỗi liên quan đến phần FrontEnd</span></p>', N'<p><span style="color: unset;">1. Trình độ Học vấn</span></p><p>- Tốt nghiệp các trường chuyên ngành công nghệ thông tin (CNTT) hoặc chứng chỉ các lớp chuyên nghành CNTT</p><p><span style="color: unset;">2. Yêu cầu chính</span></p><p>- Sử dụng thành thạo ReactJS (Ưu tiên ứng viên hiện đang làm việc với ReactJS)</p><p>- Hiểu biết và kinh nghiệm về Javascript, HTML5, CSS, SPA … kiến trúc MicroService, React Hooks, Redux. JavaScript, ES6+, Typescript&nbsp;</p><p>- Có kinh nghiệm về các công cụ và framework CSS (như SASS, Bootstrap)&nbsp;</p><p>- Có kinh nghiệm làm việc với RESTful API</p><p><em style="color: unset;">- Ứng viên nếu có các kiến thức/chuyên môn thêm dưới đây là lợi thế :</em></p><p>- Hiểu, có kinh nghiệm về responsive, server-side rendering và ưu performance cho web.</p><p>- Hiểu biết về UI/UX và có kỹ năng về sử dụng công cụ thiết kế (figma) là một lợi thế.</p><p>- Có hiểu biết về xây dựng giao diện ứng dụng trên mobile.</p><p><span style="color: unset;">3. Kỹ năng</span></p><p>- Ưu tiên các ứng viên có kinh nghiệm làm việc theo mô hình&nbsp;redmine, Agile/ Scrum.</p><p>- Sử dụng thành thạo Git, NPM/Yarn, Webpack.</p><p>- Hiểu được các lifecycle cơ bản, các hooks cơ bản.</p><p><span style="color: unset;">4. Kinh ngiệm liên quan</span></p><p>- Kinh nghiệm phát triển phát triển hệ thống phần mềm với vai trò FrontEnd Dev (ReactJS): Ít nhất 02 năm liên tục.</p><p>- Ưu tiên ứng viên hiện đang làm việc với ReactJS</p><p>- Ưu tiên ứng viên đã làm việc với các dự án lớn, có yêu cầu nghiệp vụ cao.</p>', 30000000.0000, CAST(N'2023-05-29' AS Date), CAST(N'2023-06-21' AS Date), 1, N'Hà Nội', N'F', N'e05')
GO
INSERT [dbo].[Application] ([A_id], [A_appliedDate], [A_status], [A_feedBack], [J_id]) VALUES (N'appl01', CAST(N'2023-05-29' AS Date), 0, NULL, N'job01')
INSERT [dbo].[Application] ([A_id], [A_appliedDate], [A_status], [A_feedBack], [J_id]) VALUES (N'appl02', CAST(N'2023-05-29' AS Date), 0, NULL, N'job02')
INSERT [dbo].[Application] ([A_id], [A_appliedDate], [A_status], [A_feedBack], [J_id]) VALUES (N'appl03', CAST(N'2023-05-29' AS Date), 0, NULL, N'job01')
INSERT [dbo].[Application] ([A_id], [A_appliedDate], [A_status], [A_feedBack], [J_id]) VALUES (N'appl04', CAST(N'2023-05-29' AS Date), 0, NULL, N'job07')
INSERT [dbo].[Application] ([A_id], [A_appliedDate], [A_status], [A_feedBack], [J_id]) VALUES (N'appl05', CAST(N'2023-05-29' AS Date), 0, NULL, N'job09')
INSERT [dbo].[Application] ([A_id], [A_appliedDate], [A_status], [A_feedBack], [J_id]) VALUES (N'appl06', CAST(N'2023-05-29' AS Date), 0, NULL, N'job05')
INSERT [dbo].[Application] ([A_id], [A_appliedDate], [A_status], [A_feedBack], [J_id]) VALUES (N'appl07', CAST(N'2023-05-29' AS Date), 0, NULL, N'job09')
INSERT [dbo].[Application] ([A_id], [A_appliedDate], [A_status], [A_feedBack], [J_id]) VALUES (N'appl08', CAST(N'2023-05-29' AS Date), 0, NULL, N'job04')
INSERT [dbo].[Application] ([A_id], [A_appliedDate], [A_status], [A_feedBack], [J_id]) VALUES (N'appl09', CAST(N'2023-05-29' AS Date), 0, NULL, N'job10')
INSERT [dbo].[Application] ([A_id], [A_appliedDate], [A_status], [A_feedBack], [J_id]) VALUES (N'appl10', CAST(N'2023-05-29' AS Date), 0, NULL, N'job03')
INSERT [dbo].[Application] ([A_id], [A_appliedDate], [A_status], [A_feedBack], [J_id]) VALUES (N'appl11', CAST(N'2023-05-29' AS Date), 0, NULL, N'job05')
INSERT [dbo].[Application] ([A_id], [A_appliedDate], [A_status], [A_feedBack], [J_id]) VALUES (N'appl12', CAST(N'2023-05-29' AS Date), 0, NULL, N'job06')
GO
INSERT [dbo].[Resume] ([R_id], [R_name], [R_updateDate], [R_content], [R_fileName], [R_filePath], [JS_id]) VALUES (N're01', N'Lập trình PHP', CAST(N'2023-05-29' AS Date), N'<p>Có kiến thức về PHP</p>', N'4.pdf', N'/resumes/4.pdf', N'js02')
INSERT [dbo].[Resume] ([R_id], [R_name], [R_updateDate], [R_content], [R_fileName], [R_filePath], [JS_id]) VALUES (N're02', N'Lập trình viên .NET', CAST(N'2023-05-29' AS Date), N'<p>Có kiến thức về .NET, .NET core</p>', N'5.pdf', N'/resumes/5.pdf', N'js02')
INSERT [dbo].[Resume] ([R_id], [R_name], [R_updateDate], [R_content], [R_fileName], [R_filePath], [JS_id]) VALUES (N're03', N'TTS Dev', CAST(N'2023-05-29' AS Date), N'<ul><li>Xử lý các dữ liệu API, xây dựng trang web hoàn chỉnh</li><li>Biết xây dựng trang web theo yêu cầu</li><li>Khả năng giao tiếp bằng tiếng Anh tốt</li><li>Linh hoạt trong công việc</li><li>Khả năng xử lý vấn đề.</li></ul>', N'7.pdf', N'/resumes/7.pdf', N'js01')
INSERT [dbo].[Resume] ([R_id], [R_name], [R_updateDate], [R_content], [R_fileName], [R_filePath], [JS_id]) VALUES (N're04', N'Unity Developer Fresher', CAST(N'2023-05-29' AS Date), N'<ul><li>Lập trình game, hiểu rõ về OOP, sử dụng thành thạo ngôn ngữ C#</li><li>Biết sử dụng các framework</li><li>Có kinh nghiệm về làm game 2D, 3D</li><li>Có các nền kiến thức về các ngôn ngữ lập trình khác như: PHP, Java...</li><li>Có thể giao tiếp bằng tiếng Anh, Pháp, Đức</li></ul>', N'8.pdf', N'/resumes/8.pdf', N'js01')
INSERT [dbo].[Resume] ([R_id], [R_name], [R_updateDate], [R_content], [R_fileName], [R_filePath], [JS_id]) VALUES (N're05', N'Middle Java', CAST(N'2023-05-29' AS Date), N'<ul><li>Thực hiện bảo mật bằng JWT</li><li>Xây dựng API theo chuẩn RESTFul API</li><li>Biết ngoại ngữ</li><li>Có khả năng làm việc nhóm</li><li>Xử lý linh hoạt</li><li>Thuyết trình hiệu quả</li></ul>', N'9.pdf', N'/resumes/9.pdf', N'js03')
INSERT [dbo].[Resume] ([R_id], [R_name], [R_updateDate], [R_content], [R_fileName], [R_filePath], [JS_id]) VALUES (N're06', N'Full Stack', CAST(N'2023-05-29' AS Date), N'<ul><li>Lập trình viên Full Stack</li><li>Thành thạo SCSS, HTML, NodeJS</li><li>Biết sử dụng VueJS</li><li>Linh hoạt trong công việc</li><li>Có kĩ năng thuyết trình</li></ul>', N'1.pdf', N'/resumes/1.pdf', N'js03')
INSERT [dbo].[Resume] ([R_id], [R_name], [R_updateDate], [R_content], [R_fileName], [R_filePath], [JS_id]) VALUES (N're07', N'Junior Font-End', CAST(N'2023-05-29' AS Date), N'<ul><li>Font-End thành thạo</li><li>Biết sử dụng scss</li><li>Master về CSS</li><li>Có thể giao tiếp bằng tiếng Anh</li><li>Linh hoạt trong công việc</li></ul>', N'10.pdf', N'/resumes/10.pdf', N'js04')
INSERT [dbo].[Resume] ([R_id], [R_name], [R_updateDate], [R_content], [R_fileName], [R_filePath], [JS_id]) VALUES (N're08', N'Lập trình PHP', CAST(N'2023-05-29' AS Date), N'<ul><li>Có kinh nghiệm về ngôn ngữ lập trình PHP</li><li>Biết sử dụng MySQL, DataGriph</li><li>Có kiến thức về AI</li><li>Linh hoạt trong công việc</li></ul>', N'2.pdf', N'/resumes/2.pdf', N'js04')
INSERT [dbo].[Resume] ([R_id], [R_name], [R_updateDate], [R_content], [R_fileName], [R_filePath], [JS_id]) VALUES (N're09', N'Unity Developer Fresher', CAST(N'2023-05-29' AS Date), N'<ul><li>Thành thạo C#</li><li>Có kinh nghiệm làm game 2D, 3D</li><li>Từng đạt giải thưởng cấp trường</li><li>Kĩ năng giao tiếp tốt</li></ul><p><br></p>', N'2.pdf', N'/resumes/2.pdf', N'js05')
INSERT [dbo].[Resume] ([R_id], [R_name], [R_updateDate], [R_content], [R_fileName], [R_filePath], [JS_id]) VALUES (N're10', N'Middle Java', CAST(N'2023-05-29' AS Date), N'<ul><li>Thành thạo Java core, Swing, Spring boot</li><li>Biết cách xây dựng JWT</li><li>An toàn về bảo mật thông tin, dữ liệu</li><li>Có khả năng đọc hiểu, giao tiếp tiếng Anh</li><li>Kĩ năng giao tiếp tốt</li></ul>', N'4.pdf', N'/resumes/4.pdf', N'js05')
GO
INSERT [dbo].[Intermediate_table] ([R_id], [A_id]) VALUES (N're01', N'appl10')
INSERT [dbo].[Intermediate_table] ([R_id], [A_id]) VALUES (N're02', N'appl09')
INSERT [dbo].[Intermediate_table] ([R_id], [A_id]) VALUES (N're03', N'appl07')
INSERT [dbo].[Intermediate_table] ([R_id], [A_id]) VALUES (N're03', N'appl08')
INSERT [dbo].[Intermediate_table] ([R_id], [A_id]) VALUES (N're04', N'appl06')
INSERT [dbo].[Intermediate_table] ([R_id], [A_id]) VALUES (N're06', N'appl01')
INSERT [dbo].[Intermediate_table] ([R_id], [A_id]) VALUES (N're06', N'appl02')
INSERT [dbo].[Intermediate_table] ([R_id], [A_id]) VALUES (N're07', N'appl04')
INSERT [dbo].[Intermediate_table] ([R_id], [A_id]) VALUES (N're07', N'appl05')
INSERT [dbo].[Intermediate_table] ([R_id], [A_id]) VALUES (N're08', N'appl03')
INSERT [dbo].[Intermediate_table] ([R_id], [A_id]) VALUES (N're09', N'appl11')
INSERT [dbo].[Intermediate_table] ([R_id], [A_id]) VALUES (N're09', N'appl12')
GO

drop table Employer
drop table Job_Seeker
drop table Resume

drop table Job
drop table Application
drop table Intermediate_table